,Toxin,Product
0,Parfum,No products found
2,Parfum,Benefiance WrinkleResist24 Night Cream
3,Parfum,Goodnight Glow Retin-ALT Sleeping Crème
4,Parfum,Beauty Elixir
5,Parfum,The Silk Cream
6,Parfum,Vinosource Moisturizing Sorbet
7,Parfum,Luminous Dewy Skin Night Concentrate
8,Parfum,Seaberry Moisturizing Face Oil
9,Parfum,Renewed Hope in A Jar Refreshing & Refining Moisturizer
10,Parfum,Cold Plasma Sub-D Firming Neck Treatment
11,Parfum,Nurture Me™ Moisturizing Crème
12,Parfum,Invigorating Night Transformation™ Gel
13,Parfum,Wild Rose + Vitamin C Advanced Brightening Sleeping Facial
14,Parfum,Evercalm™ Overnight Recovery Balm
15,Parfum,Benefiance WrinkleResist24 Night Emulsion
16,Parfum,Resveratrol Lift Night Infusion Cream
17,Parfum,Ibuki Refining Moisturizer Enriched
18,Parfum,Immortelle Divine Cream
19,Parfum,Premier Cru Cream
20,Parfum,Bio-Performance Glow Revival Cream
21,Parfum,Truth Revealed™ Brightening Broad Spectrum SPF 15 Moisturizer
22,Parfum,Renewed Hope in A Jar Overnight Recharging & Refining Moisturizer
23,Parfum,Vinosource Intense Moisture Rescue Cream
24,Parfum,Wrinkle Warrior™ 2-in-1 Plumping Moisturizer + Serum
25,Parfum,Hyaluronic Marine Oil-Free Moisture Cushion
26,Parfum,Ibuki Beauty Sleeping Mask
27,Parfum,Premier Cru Rich Cream
28,Parfum,POWER Recharging Night Pressed Serum
29,Parfum,Super Restorative Night Age Spot Correcting Replenishing Cream
30,Parfum,Rose Deep Hydration Facial Toner
31,Parfum,Sugar Face Polish Exfoliator
32,Parfum,Transforming Walnut Scrub
33,Parfum,microdermabrasion age defying exfoliator
34,Parfum,Greek Yoghurt Foaming Cream Cleanser
35,Parfum,Benefiance Extra Creamy Cleansing Foam
36,Parfum,Gentle Foaming Cleanser with Cottonseed
37,Parfum,Toning Lotion with Camomile
38,Parfum,Flawless Skin Face Polish
39,Parfum,Rose Deep Hydration Toner Mini
40,Parfum,Truth™ On the Glow Cleansing Cloths
41,Parfum,One-Step Gentle Exfoliating Cleanser with Orange Extract
42,Parfum,Face the Truth™ Gel Cleanser
43,Parfum,White Lucent Luminizing Infuser
44,Parfum,Radiance Cleansing Foam
45,Parfum,Multi-Miracle Glow Cleansing Balm
46,Parfum,Future Solution LX Extra Rich Cleansing Foam
47,Parfum,Acne Clearing Wash
48,Parfum,A Glowing Regimen Trial Set
49,Parfum,No:Rinse Intensive Pore Minimizing Toner
50,Parfum,Pore Reform™ Skin Smoothing Polish
51,Parfum,Eau Ginseng
52,Parfum,Solid Cleansing Oil
53,Parfum,PRE:EMPT SERIES™ Exfoliating Pore Refiner
54,Parfum,GENIUS Ultimate Anti-Aging Melting Cleanser
55,Parfum,So Nurturing™ Cleansing Cloths
56,Parfum,Wonderfeel™ Double Cleanser
57,Parfum,Rosa Centifolia™ No.1 Purity Cleansing Balm
58,Parfum,Pore Refining Detox Double Cleanse
59,Parfum,Micro Polish Cleanser
60,Parfum,Alpha Beta® Extra Strength Daily Peel
61,Parfum,Vinoperfect Radiance Serum
62,Parfum,Double Serum Complete Age Control Concentrate
63,Parfum,GENIUS Liquid Collagen
64,Parfum,Vinosource S.O.S Thirst Quenching Serum
65,Parfum,Glow Cycle Retin-ALT Power Serum
66,Parfum,White Lucent MicroTargeting Spot Corrector
67,Parfum,Black Tea Age-Delay Firming Serum
68,Parfum,Minus Serum
69,Parfum,Vine[Activ] Vitamin C Anti-Wrinkle Serum
70,Parfum,Resveratrol Lift Firming Serum
71,Parfum,Shaping Facial Lift Total V Contouring Serum
72,Parfum,White Lucent Luminizing Surge
73,Parfum,Power Peel™ Transforming Facial System
74,Parfum,"Black Pine 3D Sculpting, Firming & Lifting Face Serum"
75,Parfum,PRE:EMPT SERIES™ Skin Perfecting Serum
76,Parfum,Breakout Fighters
77,Parfum,Bio Retinoid Anti-Wrinkle Concentrate Oil
78,Parfum,Lotus Face Treatment Oil
79,Parfum,Vitamin C Ester Brightening Amine Face Lift
80,Parfum,Future Solution LX Intensive Firming Contour Serum
81,Parfum,Concentrated Reconstructing Serum
82,Parfum,Mission Perfection Serum
83,Parfum,Silver Skin Savior Salicylic/Glycolic Acid Treatment
84,Parfum,Lip Sleeping Mask
85,Parfum,Rose Face Mask
86,Parfum,Black Tea Instant Perfecting Mask
87,Parfum,Face Mask
88,Parfum,Australian Pink Clay Porefining Face Mask
89,Parfum,Vitamin C Glow Face Mask
90,Parfum,Face Mask - Pearl - Brightening
91,Parfum,Black Tea Instant Perfecting Mask Mini
92,Parfum,Face Mask - Green Tea - Mattifying
93,Parfum,Crazy for Clay!
94,Parfum,Face Mask - Rose - Moisturizing
95,Parfum,Face Mask - Aloe Vera - Replenishing
96,Parfum,Face Mask - Pineapple - Pore Perfecting
97,Parfum,Face Mask - Coconut - Nourishing
98,Parfum,Pomegranate AHA & Enzymes Resurfacing Mask
99,Parfum,Moisturizing Mask
100,Parfum,Face Mask - Algae - Detoxifying
101,Parfum,Face Mask - Grape - Anti-pollution
102,Parfum,Goddess Clay Mask
103,Parfum,Hydrating Lip Mask
104,Parfum,V-Facial Intensive Wrap
105,Parfum,Midnight Radiance Mask
106,Parfum,Hygge HydraClay™ Detox Mask
107,Parfum,Bamboo Waterlock Mask
108,Parfum,InstaMatte™ Oil-Control Mask
109,Parfum,Wrinkle Warrior® Pink Plumping Mask
110,Parfum,Egg Cream Mask Pore Tightening
111,Parfum,SPLASH Absolute Hydration Replenishing Sleeping Pack
112,Parfum,Benefiance WrinkleResist24 Intensive Eye Contour Cream
113,Parfum,Banana Bright Eye Crème
114,Parfum,R.N.A. POWER Anti-Aging Eye Cream
115,Parfum,Super Restorative Total Eye Concentrate
116,Parfum,Ultimune Eye Power Infusing Eye Concentrate
117,Parfum,Future Solution LX Eye and Lip Contour Regenerating Cream
118,Parfum,Bio-Performance LiftDynamic Eye Treatment
119,Parfum,"Black Pine 3D Sculpting, Firming & Lifting Super Eye Serum"
120,Parfum,Crème Ancienne Supreme Eye Serum
121,Parfum,Bio Performance Glow Revival Eye Treatment
122,Parfum,"Black Pine 3D Sculpting, Firming & Lifting Eye Cream"
123,Parfum,Enhancing Eye Lift Serum
124,Parfum,Mission Perfection Eye Broad Spectrum SPF 15
125,Parfum,Multi-Active Day Cream SPF 20 - All Skin Types
126,Parfum,CC Red Correct Automatic Perfector Broad Spectrum SPF 25
127,Parfum,Tarteguard 30 Vegan Sunscreen Lotion Broad Spectrum SPF 30
128,Parfum,Sugar Sport Treatment Sunscreen SPF 30
129,Parfum,After Sun Greek Yoghurt Cooling Gel for Face and Body
130,Parfum,Daily Deflector™ Waterlight Broad Spectrum SPF 50+ PA+++ Anti-Aging Sunscreen
131,Parfum,Pro Light Self Tan Bronzing Mist
133,Fragrance,Crème de la Mer
134,Fragrance,The Moisturizing Soft Cream
135,Fragrance,The Water Cream
136,Fragrance,Little Miss Miracle Limited-Edition Crème de la Mer
137,Fragrance,The True Cream Aqua Bomb
138,Fragrance,Rose Deep Hydration Moisturizer
139,Fragrance,R.N.A. POWER Face Cream
140,Fragrance,Crème de la Mer Mini
141,Fragrance,Bio-Performance Advanced Super Revitalizing Cream
142,Fragrance,Black Tea Firming Overnight Mask
143,Fragrance,The True Cream Moisturizing Bomb
144,Fragrance,GenOptics Aura Essence Serum
145,Fragrance,Black Tea Kombucha Antioxidant Essence
146,Fragrance,Pure One Step Camellia Cleansing Oil
147,Fragrance,Water Sleeping Mask
148,Fragrance,Water Bank Moisture Cream
149,Fragrance,Luminous Dewy Skin Mist
150,Fragrance,Benefiance WrinkleResist24 Night Cream
151,Fragrance,Goodnight Glow Retin-ALT Sleeping Crème
152,Fragrance,Watermelon Glow Sleeping Mask
153,Fragrance,Radiance Drops - Rainforest of the Sea™ Collection
154,Fragrance,Beauty Elixir
155,Fragrance,The Renewal Oil
156,Fragrance,The Silk Cream
157,Fragrance,C-Rush™ Brightening Gel Crème
158,Fragrance,Color Control Cushion Compact Broad Spectrum SPF 50+
159,Fragrance,Vinosource Moisturizing Sorbet
160,Fragrance,CC Crème High Definition Radiance Face Cream Skin Perfector
161,Fragrance,C.E.O. C + E antiOXIDANT Protect + Repair Moisturizer
162,Fragrance,Luminous Dewy Skin Night Concentrate
163,Fragrance,GLOWSTARTER™ Mega Illuminating Moisturizer
164,Fragrance,Revitalizing Supreme Global Anti-Aging Crème
165,Fragrance,Seaberry Moisturizing Face Oil
166,Fragrance,BB Cushion Hydra Radiance SPF 50
167,Fragrance,FUTURE RESPONSE Age Defense Creme
168,Fragrance,THIRSTYMUD™ Hydrating Treatment
169,Fragrance,Black Tea Corset Cream Firming Moisturizer
170,Fragrance,Secret Sauce Clinically Advanced Miraculous Anti-Aging Moisturizer
171,Fragrance,Benefiance WrinkleResist24 Day Cream Broad Spectrum SPF 18
172,Fragrance,Water Bank Essence
173,Fragrance,Watermelon Pink Juice Moisturizer
174,Fragrance,Renewed Hope in A Jar Refreshing & Refining Moisturizer
175,Fragrance,Cold Plasma Sub-D Firming Neck Treatment
176,Fragrance,Rénergie Lift Multi-Action Night
177,Fragrance,GENIUS Ultimate Anti-Aging Cream
178,Fragrance,Nurture Me™ Moisturizing Crème
179,Fragrance,Invigorating Night Transformation™ Gel
180,Fragrance,Aqua Bomb Sleeping Mask
181,Fragrance,Superfood Air-Whip Hyaluronic Acid Moisture Cream
182,Fragrance,Bio-Performance Advanced Super Restoring Cream
183,Fragrance,Benefiance WrinkleResist24 Day Emulsion Broad Spectrum SPF 18
184,Fragrance,Vitamin C Glow Moisturizer
185,Fragrance,Wild Rose + Vitamin C Advanced Brightening Sleeping Facial
186,Fragrance,Vitamin Nectar Antioxidant Face Mist
187,Fragrance,Peat Miracle Revital Cream
188,Fragrance,Superberry Hydrate + Glow Oil
189,Fragrance,Photo Finish Primer Water
190,Fragrance,Retinol Youth Renewal Night Cream
191,Fragrance,Water Bank Hydrating Gel
192,Fragrance,Evercalm™ Overnight Recovery Balm
193,Fragrance,Counter Balance™ Oil Control Hydrator
194,Fragrance,The Moisturizing Soft Lotion
195,Fragrance,Benefiance WrinkleResist24 Night Emulsion
196,Fragrance,Resveratrol Lift Night Infusion Cream
197,Fragrance,Essential-C Day Moisture Broad Spectrum SPF 30 PA+++
198,Fragrance,Future Solution LX Total Regenerating Cream
199,Fragrance,Multi-Active Night Cream - Normal to Combination Skin
200,Fragrance,Ibuki Refining Moisturizer
201,Fragrance,Ibuki Refining Moisturizer Enriched
202,Fragrance,The Renewal Oil Mini
203,Fragrance,Tech Neck Prevention Kit
204,Fragrance,The Method: Nourish
205,Fragrance,BIENFAIT MULTI-VITAL NIGHT - High Potency Night Moisturizing Cream VITA-NUTRI 8™
206,Fragrance,Gold Camellia Beauty Oil
207,Fragrance,Immortelle Divine Cream
208,Fragrance,Advanced Time Zone Night Age Reversing Line/Wrinkle Crème
209,Fragrance,Overnight Restorative Cream
210,Fragrance,Premier Cru Cream
211,Fragrance,Resveratrol Lift Face Lifting Soft Cream
212,Fragrance,Bio-Performance Glow Revival Cream
213,Fragrance,Sleeping Mask
214,Fragrance,Hungarian Water Essence
215,Fragrance,"Resilience Lift Firming/Sculpting Face and Neck Creme Broad Spectrum SPF 15, Normal/Combination Skin"
216,Fragrance,Truth Revealed™ Brightening Broad Spectrum SPF 15 Moisturizer
217,Fragrance,Cellumination Cream EX
218,Fragrance,BIENFAIT MULTI-VITAL - SPF 30 CREAM - High Potency Vitamin Enriched Daily Moisturizing Cream
219,Fragrance,Extra-Firming Neck Anti-Wrinkle Rejuvenating Cream
220,Fragrance,MOISTURE BOUND Rejuvenating Crème
221,Fragrance,BB Crème au Ginseng
222,Fragrance,SUBLIME DEFENSE Ultra Lightweight UV Defense Fluid SPF 50
223,Fragrance,Renewed Hope in A Jar Overnight Recharging & Refining Moisturizer
224,Fragrance,Anti-Aging Moisturizer SPF 30 PA+++
225,Fragrance,Ultimate Miracle Worker Multi-Rejuvenating Cream SPF 30
226,Fragrance,Treatment Toner
227,Fragrance,Bio-Performance LiftDynamic Cream
228,Fragrance,Vinosource Intense Moisture Rescue Cream
229,Fragrance,Wrinkle Warrior™ 2-in-1 Plumping Moisturizer + Serum
230,Fragrance,Hyaluronic Marine Oil-Free Moisture Cushion
231,Fragrance,Nutrient-Charged Water Gel
232,Fragrance,MOISTURE BOUND Refreshing Hydra-Gel Oil-Free
233,Fragrance,Instant Moisturizer + Cream
234,Fragrance,Water Bank Dual Layer Face Oil
235,Fragrance,Ibuki Beauty Sleeping Mask
236,Fragrance,VOLCASMIC™ Matte Glow Moisturizer
237,Fragrance,Rénergie Lift Multi-Action Sunscreen Broad Spectrum SPF 15 For All Skin Types
238,Fragrance,High Potency Classics: Face Finishing & Firming Moisturizer
239,Fragrance,Ibuki Protective Moisturizer Broad Spectrum SPF 18
240,Fragrance,Visionnaire Advanced Multi-Correcting Cream
241,Fragrance,Premier Cru Rich Cream
242,Fragrance,Hydra Zen Anti-Stress Gel Moisturizer
243,Fragrance,Intensive Instant Moisturizer + Cream
244,Fragrance,Facial Treatment Oil
245,Fragrance,Maracuja Neck Treatment
246,Fragrance,DREAMDUO™ Overnight Transforming Treatment
247,Fragrance,POWER Recharging Night Pressed Serum
248,Fragrance,Firming & Lifting Neck Cream
249,Fragrance,White Lucent All Day Brightener Broad Spectrum SPF 23 Moisturizer
250,Fragrance,The Moisturizing Matte Lotion
251,Fragrance,Super Restorative Night Age Spot Correcting Replenishing Cream
252,Fragrance,Face Hero
253,Fragrance,Tonique Confort Re-Hydrating Comforting Toner with Acacia Honey
254,Fragrance,Rose Deep Hydration Facial Toner
255,Fragrance,Bi-Facil Double-Action Eye Makeup Remover
256,Fragrance,Cleansing & Exfoliating Wipes
257,Fragrance,The Cleansing Foam
258,Fragrance,Treatment Enzyme Peel
259,Fragrance,Sugar Face Polish Exfoliator
260,Fragrance,Superfood Antioxidant Cleanser
261,Fragrance,The Clean Truth™ Foaming Cleanser
262,Fragrance,Transforming Walnut Scrub
263,Fragrance,Calendula Deep Clean Foaming Face Wash
264,Fragrance,microdermabrasion age defying exfoliator
265,Fragrance,Instant Foaming Cleanser
266,Fragrance,Greek Yoghurt Foaming Cream Cleanser
267,Fragrance,Moisturizing Toner
268,Fragrance,Benefiance Extra Creamy Cleansing Foam
269,Fragrance,YOUTHMUD™ Tinglexfoliate Treatment
270,Fragrance,Anti-Aging Cleansing Gel
271,Fragrance,Clarifying Cleanser
272,Fragrance,The Tonic
273,Fragrance,EradiKate® Daily Cleanser Acne Treatment
274,Fragrance,Bye Bye Makeup™ 3-in-1 Makeup Melting Cleansing Balm
275,Fragrance,Treatment Cleansing Foam
276,Fragrance,Nutritious Radiant Vitality Energy Lotion
277,Fragrance,Multi Cleanser
278,Fragrance,Gentle Foaming Cleanser with Cottonseed
279,Fragrance,Ibuki Gentle Cleanser
280,Fragrance,Micellar Cleansing Water
281,Fragrance,Blueberry Bounce Gentle Cleanser
282,Fragrance,Toning Lotion with Camomile
283,Fragrance,Flawless Skin Face Polish
284,Fragrance,Green Tea Real Fresh Foam Cleanser
285,Fragrance,FLASHMUD™ Brightening Treatment
286,Fragrance,Time Release Acne Cleanser
287,Fragrance,Rose Deep Hydration Toner Mini
288,Fragrance,Witch Hazel Herbal Extract Toner
289,Fragrance,Essential Power Skin Toner for Normal to Dry Skin
290,Fragrance,Crème Radiance Gentle Cleansing Creamy-Foam Cleanser
291,Fragrance,Truth™ On the Glow Cleansing Cloths
292,Fragrance,One-Step Gentle Exfoliating Cleanser with Orange Extract
293,Fragrance,The Cleansing Foam Mini
294,Fragrance,Deep Cleansing Exfoliator
295,Fragrance,SUPERCLEANSE™ Clearing Cream-to-Foam Cleanser
296,Fragrance,Essential-C Cleanser
297,Fragrance,Face the Truth™ Gel Cleanser
298,Fragrance,The Cleansing Gel
299,Fragrance,White Lucent Luminizing Infuser
300,Fragrance,Radiance Cleansing Foam
301,Fragrance,Cleansing & Clarifying Duo
302,Fragrance,Gentle Cleansing Milk
303,Fragrance,Make-Up Removing Cleansing Oil
304,Fragrance,Soy Face Cleansing Milk
305,Fragrance,Moisturizing Foam Cleanser
306,Fragrance,Seaberry Skin Nutrition Cleansing Oil
307,Fragrance,Pureness Deep Cleansing Foam
308,Fragrance,Essential Power Skin Toner for Combination to Oily Skin
309,Fragrance,Shea Cleansing Oil
310,Fragrance,Multi-Miracle Glow Cleansing Balm
311,Fragrance,The Method: Polish Blemish Control
312,Fragrance,Ibuki Softening Concentrate
313,Fragrance,Future Solution LX Extra Rich Cleansing Foam
314,Fragrance,Creamy Cleansing Foam Moist
315,Fragrance,Oil Control Blotting Paper
316,Fragrance,Problem Solution Toner
317,Fragrance,Acne Clearing Wash
318,Fragrance,OIL OBSESSED™ Total Cleansing Oil
319,Fragrance,Bergamot Herbal Extract Toner
320,Fragrance,Essential-C Toner
321,Fragrance,Renewing Cleansing Cream
322,Fragrance,YOUTHCLEANSE™ Daily Exfoliating Cleanser
323,Fragrance,Stay Balanced™ Oil Control Cleansing Cloths
324,Fragrance,A Glowing Regimen Trial Set
325,Fragrance,Wild Rose Exfoliating Cleanser
326,Fragrance,Cleansing Gel Oil Enriched
327,Fragrance,No:Rinse Intensive Pore Minimizing Toner
328,Fragrance,The Cleansing Oil
329,Fragrance,Hydrating Toner
330,Fragrance,Ibuki Purifying Cleanser
331,Fragrance,Pureness Balancing Softener Alcohol-Free
332,Fragrance,Multi-Perfecting Detoxifying Exfoliator
333,Fragrance,Moment of Truth™ 2-in-1 Polishing Sugar Mask
334,Fragrance,Pore Reform™ Skin Smoothing Polish
335,Fragrance,One Step Acne Eliminating Pads
336,Fragrance,Eau Ginseng
337,Fragrance,Solid Cleansing Oil
338,Fragrance,Prep-N-Glow™ Cloths
339,Fragrance,The Method: Cleanse
340,Fragrance,Double Mousse Gentle Cleansing Foam
341,Fragrance,Exfoliating Swipeys
342,Fragrance,PRE:EMPT SERIES™ Exfoliating Pore Refiner
343,Fragrance,POWERMUD™ Dualcleanse Treatment
344,Fragrance,The Cleansing Micellar Water
345,Fragrance,GENIUS Ultimate Anti-Aging Melting Cleanser
346,Fragrance,So Nurturing™ Cleansing Cloths
347,Fragrance,Wonderfeel™ Double Cleanser
348,Fragrance,Extra Rich Cleansing Milk
349,Fragrance,Perfectly Clean Multi-Action Toning Lotion/Refiner
350,Fragrance,Umbrian Clay Pore Purifying Face Exfoliator
351,Fragrance,Rosa Centifolia™ No.1 Purity Cleansing Balm
352,Fragrance,Refreshing Cleanser
353,Fragrance,Pore Refining Detox Double Cleanse
354,Fragrance,Refreshing Gel Cleanser
355,Fragrance,Hydrating Essence Toner
356,Fragrance,Micro Polish Cleanser
357,Fragrance,Truth Serum®
358,Fragrance,Advanced Génifique Youth Activating Serum Duo
359,Fragrance,Alpha Beta® Extra Strength Daily Peel
360,Fragrance,SUPERMUD® Activated Charcoal Treatment
361,Fragrance,Alpha Beta® Universal Daily Peel
362,Fragrance,Truth Serum - Starlight Holiday Edition
363,Fragrance,Vinoperfect Radiance Serum
364,Fragrance,Double Serum Complete Age Control Concentrate
365,Fragrance,The Regenerating Serum
366,Fragrance,GENIUS Liquid Collagen
367,Fragrance,Rapid Age Spot and Pigment Lightening Serum
368,Fragrance,Vinosource S.O.S Thirst Quenching Serum
369,Fragrance,Perfectionist CP+R Wrinkle Lifting/Firming Serum
370,Fragrance,The Revitalizing Hydrating Serum
371,Fragrance,The Treatment Lotion
372,Fragrance,Max Complexion Correction Pads
373,Fragrance,Glow Cycle Retin-ALT Power Serum
374,Fragrance,Backlight Priming Filter Face Primer
375,Fragrance,GRAVITYMUD™ Firming Treatment
376,Fragrance,R.N.A. POWER Anti-Aging Essence Serum
377,Fragrance,White Lucent MicroTargeting Spot Corrector
378,Fragrance,Rose Deep Hydration Face Serum
379,Fragrance,Black Tea Age-Delay Firming Serum
380,Fragrance,Invisiblur™ Perfecting Shield Broad Spectrum SPF 30 PA+++
381,Fragrance,Bio-Peel Gauze Peeling - Green Tea
382,Fragrance,Minus Serum
383,Fragrance,Visionnaire Advanced Skin Corrector Serum
384,Fragrance,Retinol Youth Renewal Serum
385,Fragrance,Vine[Activ] Vitamin C Anti-Wrinkle Serum
386,Fragrance,Vitamin C Ester Brightening Serum
387,Fragrance,Luminous Deep Hydration Firming Serum
388,Fragrance,ELEVATE Advanced Retinol Serum
389,Fragrance,Lift Serum Intense with Stem Cell Recovery Complex
390,Fragrance,Skin Love Glow Elixir
391,Fragrance,Resveratrol Lift Firming Serum
392,Fragrance,Active Retinol Renewal Kit
393,Fragrance,Advanced Génifique Sensitive Antioxidant Serum
394,Fragrance,Revitalixir™ Recovery Serum
395,Fragrance,Shaping Facial Lift Total V Contouring Serum
396,Fragrance,White Lucent Luminizing Surge
397,Fragrance,Red Jelly Pack
398,Fragrance,Superfood Firm and Brighten Vitamin C Serum
399,Fragrance,+Retinol Vita C Power Serum
400,Fragrance,Power Peel™ Transforming Facial System
401,Fragrance,"Black Pine 3D Sculpting, Firming & Lifting Face Serum"
402,Fragrance,GENIUS Ultimate Anti-Aging Vitamin C+ Serum
403,Fragrance,MOISTURE BOUND Rejuvenating Serum
404,Fragrance,Sunless Tan Anti-Aging Face Serum
405,Fragrance,Perfect Canvas Skin Finishing Serum
406,Fragrance,Outsmart Acne Clarifying Treatment
407,Fragrance,Therapeutic Sulfur Mask Acne Treatment Mask
408,Fragrance,Enlighten Dark Spot Correcting Night Serum
409,Fragrance,PRE:EMPT SERIES™ Skin Perfecting Serum
410,Fragrance,FUTURE RESPONSE Age Defense Serum
411,Fragrance,Hyaluronic Marine Hydration Booster
412,Fragrance,Bio-Performance Glow Revival Serum
413,Fragrance,Breakout Fighters
414,Fragrance,Essential Fx Acyl-Glutathione Deep Crease Serum
415,Fragrance,Advanced Acne & Wrinkle Reducer
416,Fragrance,Bio-Performance LiftDynamic Serum
417,Fragrance,Acne Body Wash
418,Fragrance,Glycolic Peel
419,Fragrance,Golden Krocus Ageless Saffron Elixir Serum
420,Fragrance,Peat Miracle Revital Serum Concentrate
421,Fragrance,SKINLONGEVITY™ Vital Power Infusion Serum
422,Fragrance,Bio Retinoid Anti-Wrinkle Concentrate Oil
423,Fragrance,Lotus Face Treatment Oil
424,Fragrance,Perfectionist Pro Rapid Firm + Lift Treatment
425,Fragrance,Vitamin C Ester Brightening Amine Face Lift
426,Fragrance,Future Solution LX Intensive Firming Contour Serum
427,Fragrance,Advanced Active Radiance® Serum
428,Fragrance,White Marble Dual Phase Vitamin C Peel
429,Fragrance,Micro-Blur™ Skin Perfector
430,Fragrance,Flash Hydro-Boost Instant Plumping Emulsion
431,Fragrance,High Potency Classics: Firming Evening Repair
432,Fragrance,Hydra Sebum Control Essence
433,Fragrance,GENIUS Ultimate Anti-Aging Bi-Phase Peel
434,Fragrance,Crème Ancienne® Supreme Face Serum
435,Fragrance,EradiKate™ Mask Foam-Activated Acne Treatment
436,Fragrance,Concentrated Reconstructing Serum
437,Fragrance,Mission Perfection Serum
438,Fragrance,Silver Skin Savior Salicylic/Glycolic Acid Treatment
439,Fragrance,ELEVATE Advanced Lift Contouring Cream
440,Fragrance,Face Mask Magic
441,Fragrance,Lip Sleeping Mask
442,Fragrance,Rose Face Mask
443,Fragrance,Black Tea Instant Perfecting Mask
444,Fragrance,Face Mask
445,Fragrance,The Lifting and Firming Mask
446,Fragrance,Experiential Masks Set
447,Fragrance,Pumpkin Enzyme Mask Enzymatic Dermal Resurfacer
448,Fragrance,Overnight Miracle Mask
449,Fragrance,Watermelon Glow Sleeping Mask Mini
450,Fragrance,Black Tea Firming Overnight Mask Mini
451,Fragrance,The Ultimate Glow Set
452,Fragrance,Hand Mask
453,Fragrance,Vitamin C Glow Face Mask
454,Fragrance,Hand Mask - Avocado
455,Fragrance,The Brilliance Brightening Mask
456,Fragrance,Face Mask - Pearl - Brightening
457,Fragrance,Black Tea Instant Perfecting Mask Mini
458,Fragrance,Luminous Dewy Skin Sheet Mask
459,Fragrance,Face Mask - Avocado
460,Fragrance,Advanced Génifique Hydrogel Melting Mask
461,Fragrance,Purity Made Simple Pore Extractor Mask
462,Fragrance,Egg Cream Mask Hydration
463,Fragrance,Clay Mask
464,Fragrance,Nutritious Vitality8™ Night Creme/Mask
465,Fragrance,Face Mask - Green Tea - Mattifying
466,Fragrance,Mud Mask Purifying & Mattifying
467,Fragrance,Evercalm™ Ultra Comforting Rescue Mask
468,Fragrance,Watermelon Glow Jelly Sheet Mask
469,Fragrance,Crazy for Clay!
470,Fragrance,Luminous Deep Hydration Lifting Mask
471,Fragrance,Face Mask - Rose - Moisturizing
472,Fragrance,Time Freeze Sleeping Mask
473,Fragrance,SUPERMASK - The Golden Mask
474,Fragrance,#GLITTERMASK GRAVITYMUD™ Firming Treatment
475,Fragrance,Greek Yoghurt Advanced Nourishing Sleeping Facial
476,Fragrance,Face Mask - Aloe Vera - Replenishing
477,Fragrance,MOISTURE BOUND Sleeping Recovery Mask
478,Fragrance,Face Mask - Pineapple - Pore Perfecting
479,Fragrance,Face Mask - Coconut - Nourishing
480,Fragrance,SUPERMASK - The Charcoal Mask
481,Fragrance,Superfood Skin Reset Antioxidant Mask
482,Fragrance,Sleeping Mask - Rose
483,Fragrance,SUPERMASK - The Silver Mask
484,Fragrance,Sleeping Mask - Pearl
485,Fragrance,Treatment Lotion Hydrating Mask
486,Fragrance,Pomegranate AHA & Enzymes Resurfacing Mask
487,Fragrance,Moisturizing Mask
488,Fragrance,Face Mask - Algae - Detoxifying
489,Fragrance,Face Mask - Grape - Anti-pollution
490,Fragrance,Goddess Clay Mask
491,Fragrance,The Lifting and Firming Mask Mini
492,Fragrance,SUPERMASK - The Mud Mask
493,Fragrance,Brightening Infusion Hydrogel Mask
494,Fragrance,Deep Cleansing Mask
495,Fragrance,Sleeping Mask - Coconut Water
496,Fragrance,Face Mask - Algae
497,Fragrance,Pore Minimalist Black Charcoal Sheet Mask
498,Fragrance,Pore Cleaner Bubble Foam
499,Fragrance,Sleeping Mask - Aloe Vera
500,Fragrance,Hydrating Lip Mask
501,Fragrance,V-Facial Intensive Wrap
502,Fragrance,Cocoa Moisture Mask
503,Fragrance,Face Mask - Lotus
504,Fragrance,Extra-Firming Mask
505,Fragrance,Polishing Mask
506,Fragrance,Midnight Radiance Mask
507,Fragrance,PERFECT Clarifying Pore Corrector Mask
508,Fragrance,Gel Mask Hydrating & Quenching
509,Fragrance,Hygge HydraClay™ Detox Mask
510,Fragrance,Water Pocket Sheet Mask Sleeping Mask (Replenishing)
511,Fragrance,TIME RESPONSE Vintage Wash-off Masque
512,Fragrance,MOISTURE BOUND Intensive Serum Masque
513,Fragrance,Pore Extractor Pomegranate Mask
514,Fragrance,Face Mask - Pomegranate
515,Fragrance,NightWear Plus 3-Minute Detox Mask
516,Fragrance,Rose Jelly Mask
517,Fragrance,Bamboo Waterlock Mask
518,Fragrance,After-Sun Mask - Watermelon
519,Fragrance,Whipped Mud Mask Collection
520,Fragrance,Wrinkle Warrior® Pink Plumping Mask
521,Fragrance,Algae Brightening Mask
522,Fragrance,Egg Cream Mask Firming
523,Fragrance,Coconut Ceramide Mask
524,Fragrance,First Aid Transforming Peel Off Mask
525,Fragrance,Ain’t Misbehavin’® Intensive 10% Sulfur Acne Mask & Emergency Spot Treatment
526,Fragrance,Jelly Mask Moisturizing & Energizing
527,Fragrance,The True Tincture Mask - Chamomile
528,Fragrance,Nose Mask - Pineapple
529,Fragrance,Peel-off Mask
530,Fragrance,Water Pocket Sheet Mask Water Bank (Moisturizing)
531,Fragrance,SPLASH Absolute Hydration Replenishing Sleeping Pack
532,Fragrance,SOS Hydra Refreshing Hydration Mask
533,Fragrance,SUPERMASK - The Primer Mask
534,Fragrance,Egg Mousse Pack
535,Fragrance,Self Tan Express Bronzing Face Sheet Mask
536,Fragrance,Mask-Imum Revival Hydra-Plumping Mask
537,Fragrance,PRE:EMPT SERIES™ Refreshing Shower Mask
538,Fragrance,The Eye Concentrate
539,Fragrance,Benefiance WrinkleResist24 Intensive Eye Contour Cream
540,Fragrance,Banana Bright Eye Crème
541,Fragrance,Black Tea Firming and De-Puffing Eye Cream
542,Fragrance,Moisturizing Eye Bomb
543,Fragrance,The Eye Balm Intense
544,Fragrance,Benefiance WrinkleResist24 Pure Retinol Express Smoothing Eye Mask
545,Fragrance,Eye Sleeping Mask
546,Fragrance,Super Restorative Total Eye Concentrate
547,Fragrance,The Lifting Eye Serum
548,Fragrance,Eye Mask
549,Fragrance,Advanced Génifique Eye Cream
550,Fragrance,Ultimune Eye Power Infusing Eye Concentrate
551,Fragrance,Water Bank Eye Gel
552,Fragrance,Future Solution LX Eye and Lip Contour Regenerating Cream
553,Fragrance,Cucumber De-Tox™ Hydra-Gel Eye Patches
554,Fragrance,Rénergie Lift Multi-Action Eye
555,Fragrance,MOISTURE BOUND Rejuvenating Eye Treatment Gel
556,Fragrance,Puffy Under-Eye Patches
557,Fragrance,Extra Eye Repair Cream
558,Fragrance,Superfood Peptide Eye Cream
559,Fragrance,Bio-Performance LiftDynamic Eye Treatment
560,Fragrance,Retinol Youth Renewal Eye Serum
561,Fragrance,"Black Pine 3D Sculpting, Firming & Lifting Super Eye Serum"
562,Fragrance,Crème Ancienne Supreme Eye Serum
563,Fragrance,Extra-Firming Eye Wrinkle Smoothing Cream
564,Fragrance,Peat Miracle Revital Eye Cream
565,Fragrance,Intensive Vitalizing Eye Essence
566,Fragrance,Illuminating Bright Eyes Gels + Silky Mask Beauty Sleep Set
567,Fragrance,TIME RESPONSE Eye Reserve Crème
568,Fragrance,Hello Bright Eyes
569,Fragrance,Multi-Task Eye Serum Mask
570,Fragrance,Ibuki Eye Correcting Cream
571,Fragrance,Bio Performance Glow Revival Eye Treatment
572,Fragrance,"Black Pine 3D Sculpting, Firming & Lifting Eye Cream"
573,Fragrance,Helix AM/PM Eye Gel
574,Fragrance,Énergie de Vie The Illuminating & Anti-Fatigue Cooling Eye Gel
575,Fragrance,Luminous Deep Hydration Revitalizing Eye Mask
576,Fragrance,Enhancing Eye Lift Serum
577,Fragrance,Essential Energy Eye Definer
578,Fragrance,Bright Eyes Collagen-Infused Brightening Colloidal Silver Eye Masks
579,Fragrance,Ultimate Revival Eye Cream
580,Fragrance,Mission Perfection Eye Broad Spectrum SPF 15
581,Fragrance,Ice-Cold Eye Cream
582,Fragrance,Vitamin C Ester Brightening Eye Serum
583,Fragrance,Lotus Caress to Moisturize Eyes
584,Fragrance,Eye Mask - Grape - Smoothing
585,Fragrance,Urban Environment Oil-Free UV Protector Broad Spectrum SPF 42 For Face
586,Fragrance,Silken Pore Perfecting Sunscreen Broad Spectrum SPF 35 PA+++
587,Fragrance,Ultimate Sun Protection Lotion WetForce SPF 50+
588,Fragrance,Sunscreen Multi-Protection Broad Spectrum SPF 50
589,Fragrance,Radiance Primer Broad Spectrum SPF 35 Sunscreen
590,Fragrance,Ultimate Sun Protection Cream Broad Spectrum SPF 50+ Wetforce For Face
591,Fragrance,MOISTURE BOUND Tinted Treatment Moisturizer SPF 15
592,Fragrance,Renewed Hope In A Jar SPF 30
593,Fragrance,High Potency Classics: Face Finishing & Firming Moisturizer Tint SPF 30
594,Fragrance,FUTURE RESPONSE Age Defense Creme SPF 30
595,Fragrance,Advanced Time Zone SPF 15- Normal/Combination Skin
596,Fragrance,Multi-Active Day Cream SPF 20 - All Skin Types
597,Fragrance,Bienfait Teinté Beauty Balm Sunscreen Broad Spectrum SPF 30
598,Fragrance,Future Solution LX Total Protective Cream Broad Spectrum SPF 20 Sunscreen
599,Fragrance,Sports BB Broad Spectrum SPF 50+ WetForce
600,Fragrance,Super Multi-Corrective Cream Sunscreen Broad Spectrum SPF 30
601,Fragrance,The Broad Spectrum SPF 50 UV Protecting Fluid
602,Fragrance,Ultimate Sun Protection Lotion WetForce SPF 50+ Mini
603,Fragrance,Wetforce Clear Stick UV Protector Broad Spectrum 50+
604,Fragrance,Black Tea Age-Delay Lotion Broad Spectrum Sunscreen SPF 20
605,Fragrance,CC Red Correct Automatic Perfector Broad Spectrum SPF 25
606,Fragrance,Tarteguard 30 Vegan Sunscreen Lotion Broad Spectrum SPF 30
607,Fragrance,Sugar Sport Treatment Sunscreen SPF 30
608,Fragrance,Balancing Moisturizer Broad Spectrum SPF 15 PA++
609,Fragrance,Resurgence® Age–Balancing Moisture Broad Spectrum SPF 30
610,Fragrance,Repairing Tint & Radiance Moisturizer SPF 30
611,Fragrance,Moisturizing Bomb Cushion Compact Broad Spectrum SPF 50
612,Fragrance,DayWear UV Base Advanced Anti-Oxidant & UV Defense SPF 50
613,Fragrance,Face Lotion SPF 30
614,Fragrance,Classic Sport SPF 50 - Fresh Mango
615,Fragrance,DayWear Multi-Protection Anti-Oxidant Sheer Tint Release Moisturizer Broad Spectrum SPF 15 - Normal/ Combination Skin
616,Fragrance,Rènergie Lift Multi-Action Sunscreen Broad Spectrum SPF 15 For Dry Skin
617,Fragrance,Face Protect SPF 50
618,Fragrance,DayWear BB Anti-Oxidant Beauty Benefit Crème SPF 35
619,Fragrance,Resort Collection Sun Protection Cushion SPF 30+
620,Fragrance,Sunscreen Cream High Protection SPF 30
621,Fragrance,Sun Oil 15 SPF
622,Fragrance,Ultimate Miracle Worker Multi-Rejuvenating Lightweight Emulsion SPF 30
623,Fragrance,Resort Collection Sun Protection Mist Broad Spectrum SPF 30 Sunscreen
624,Fragrance,Primer Broad Spectrum Sunscreen SPF 25
625,Fragrance,Sun Lotion 50 SPF
626,Fragrance,Sun Lotion 30 SPF
627,Fragrance,Future Solution LX Total Protective Emulsion Broad Spectrum SPF 20 Sunscreen
628,Fragrance,After-Sun Milk Soothing Body Lotion
629,Fragrance,Yoghurt Nourishing Fluid Veil Face Sunscreen Broad Spectrum SPF 30
630,Fragrance,Daily Deflector™ Waterlight Broad Spectrum SPF 50+ PA+++ Anti-Aging Sunscreen
631,Fragrance,Pro Light Self Tan Bronzing Mist
632,Fragrance,No products found
633,Fragrance,Treatment Cleansing Foam
636,Triclosan,Charlotte's Magic Cream
637,Triclosan,Charlotte's Magic Cream Mini
638,Triclosan,A Perfect World™ SPF 40 Age-Defense Moisturizer with White Tea
639,Triclosan,Plantscription™ SPF 25 Power Anti-Aging Cream
640,Homosalate,Exfoliating Scrub
641,Homosalate,GENIUS Liquid Collagen
642,Homosalate,Plantscription™ SPF 25 Power Anti-Aging Oil-Free Cream
643,Homosalate,Defense Refresh Setting Mist Broad Spectrum SPF 50
644,Homosalate,Photo Finish Foundation Primer SPF 20
645,Homosalate,The Broad Spectrum SPF 50 UV Protecting Fluid
646,Homosalate,Ultimate Sun Protection Spray Broad Spectrum SPF 50+ For Face/Body
647,Homosalate,Broad Spectrum SPF 50 Sunscreen Face Cream
648,Homosalate,DayWear UV Base Advanced Anti-Oxidant & UV Defense SPF 50
649,Homosalate,Resort Collection Sun Protection Mist Broad Spectrum SPF 30 Sunscreen
650,Homosalate,Virtu-oil Body Mist Broad Spectrum SPF 30
651,Homosalate,Sun Lotion 30 SPF
652,Homosalate,Perfect Day 2-in-1 Everywear Lotion Broad Spectrum SPF 50 + Mint Condition Lip Shield SPF 30
